character_name,ocid
미술부,4d142cdd3a1631c1e62dab8ba87620e9efe8d04e6d233bd35cf2fabdeb93fb0d
신기술,65ad558f2b0024221915782addec3c66efe8d04e6d233bd35cf2fabdeb93fb0d
을가,5aec95769ea28d1ce39769658dd9203b
소양을,d3e5e38251b14694a6d5de31d87a6361
단깡,64e2b9867808cf7a7a17008eb3b568c0efe8d04e6d233bd35cf2fabdeb93fb0d
먹어봐야알지,15b6663bfa183c958c2ab0c15fc19a6f
살벌,9152b0acceee8eabce3acfb46175b528
두그릇,9b098bb7070aa953c284bae83bd14b86efe8d04e6d233bd35cf2fabdeb93fb0d
토하,b37f199544b62e473ac9154615c2d5e8
춥고,71e64ae651fb6cd446eb88774ee9b1ac
신강율,8412f9b56702b34190817fed24b5f255
구함,7bc977448bafb8257e31278d576424e5
우택,426b6b257811363558df6789d64931b0efe8d04e6d233bd35cf2fabdeb93fb0d
베르,a71aac523f8d9cfa6b11a72aa1a8a89a
징스,ee46bbb26bac1aa27dfcc91144e84772
망초,fe58aa69e335105cadd498f00250985cefe8d04e6d233bd35cf2fabdeb93fb0d
원쯔,ab6a33128e17e967b778c14ba4695f92
대세지,3bee206f38334d7c63ee18b35d7dca4f
허경영,b9a16c1476da46bdce5189e20dad40a3
봉짱,5077ade4a558a15749275b44421672ff
콩숲,77e310761d03d6204ecbaf21538fb276efe8d04e6d233bd35cf2fabdeb93fb0d
잭페이트,cb69a72111880d7a7def49bcd490dc61
청순해,bd8a8fdd3539b3399cf2f1b90c98dc99
마옥석,140fb18a8427008cd3424b2b81f10a6f
파카츄츄,d917fc350e3251a279ab32013374416a
채재혁,25033711b80779f7b24391c8f8cf73e4
웬리,c6def125d9ce162757cb08347d7ad6a0
윈브안개윤슬,e5145c44642b04f96c9c61450c0faec3
첨왜,e603478a00573072fde07f46b21c8a43
한도,e3fc71609e67282fbeee3f2f5185261c
콥초,7e7b83e970dd32e34947f0df38418023
미숟,48e0aa97aaf059d6c2ad1a972753a65d
이영지,030cb0208fc0d744d0ee7f6a1d4e921defe8d04e6d233bd35cf2fabdeb93fb0d
린티드,6f58f8c40566e356e1bc241bb4788d10efe8d04e6d233bd35cf2fabdeb93fb0d
움푹,c88247b01672dbdd71fe011f1d629782efe8d04e6d233bd35cf2fabdeb93fb0d
매숭이,61df264f402c68075c18831f3fa15cf8
emmet7141,5e41d9e31e522a25dda5f9332fe31af2
슈뜨델,605f83ce26d5a383f788615b4a8d69f2
사계절벚꽃,f81ba3a376a8a4e69930f29ab748448fefe8d04e6d233bd35cf2fabdeb93fb0d
간부,a3c0015ad2f162d44a05e42fd5cef102efe8d04e6d233bd35cf2fabdeb93fb0d
주꾸밍,7247cb05270903c12eaa0c482485af4b
성견,82c1cfd95ef1943868290b082928016f
현동,e07b0f085577f7abd157243153847d2d
뭉망치,21fdaeff0de7eaa6608190f3f8a79278efe8d04e6d233bd35cf2fabdeb93fb0d
흰스머프,316a6ac0e82cc45dd78803597a937a7c
대사초,6db3daaa076bbb0d1cc2c0d822491730
찐컴벳,27cb22182e44f98d01a2e30dc54db208
벌브,86877ccd713954878555048ff7f65d32
총액,9971d697ffd5160707739b60e5213630
닭다리가져,0cfd17efab9b9e9e1168c930b07a596fefe8d04e6d233bd35cf2fabdeb93fb0d
검성남짱,04c9c8fd83250fb4969c55418ac51599efe8d04e6d233bd35cf2fabdeb93fb0d
교사,837fe271dfae18adf02c43538490558f
엔젤릭블레스,6646d42a77b6f16519c3a6e64caf9f6b
의역,16c7329b6b7d1f5853459f3ab36cd55b
신균,fb0350074a845d8a6a44c3542b9d80d0
보름,622f3264a7e5616d8d4a0cde15671d57
흑야,67921bb14bcbbd77f35acd85b95a94cd
고딩,0d73bf5cf42310a9dc63efa7cb453655efe8d04e6d233bd35cf2fabdeb93fb0d
치냐,79db62b387ecb1e676b00c1be064e2ae
오닉스,5743974aebf4609ae35aac7c6c7c3f86
간지,8e9f44d9713341fc93913b3fb61f3734efe8d04e6d233bd35cf2fabdeb93fb0d
카므,459434e95b52519cf83ffb6ed58e4939
일도리치,43cde491f21a6204edc59a5aea82714f
구드,a54cffc2ce59a7bee506f820eeb977a9
깡김,7996447177d84a87c8bc813e2da979f7
지티Lumi,23c2b882377a705e72fa0e6b17b098e3
시검,84f4082ac066bd6f18b70b5bd0ced614
꼬마불꽃,ff95bf6d0b1aa2f3950a2518a91b6c0a
지후,c846a26a8d92e0a68b7c3c08d8db5546
써든나로,0194e87dbc2f394d501e18646a3f1d8f
옆쪽,c7ce97e0ad8f6fc088a749e0b21214edefe8d04e6d233bd35cf2fabdeb93fb0d
나잊,a000cb02899fa71727b330f78a1d6903efe8d04e6d233bd35cf2fabdeb93fb0d
체뜨,7bc002ef18a33ebe404b9a6b81c28f05efe8d04e6d233bd35cf2fabdeb93fb0d
햄토,7f5f245b7c2c2677d79172cfa07c2c59
하읨,b44f923142efbf61153ea90956ea3a8b
반디브레이커,9f6b4ff5182c398287d6ed8ceb152284efe8d04e6d233bd35cf2fabdeb93fb0d
가딩,88b23e6ee0a97089271d650a39966e58
샤뇽,338c7eeb5427a9e7686aed3dac412c7befe8d04e6d233bd35cf2fabdeb93fb0d
주창아,d01193bd567f760354ec7fbc47469284efe8d04e6d233bd35cf2fabdeb93fb0d
투들링,ece826176ee2217819b5795a34efcc8e
연호콜먼,8fda1852a41a8eb584da64b58635f165efe8d04e6d233bd35cf2fabdeb93fb0d
투바,cd8728a5404d7ad3641c0ccf687af119
그래야지,471b70c96ac8506af406a0a099a55ec1
노컴벳,26f8686b2abc4ddb1ceecedf9529acd0
묘프,0676d1fcc69c4b4fafd910698f5f286a
몽둥이여사님,95d8b4c97bf184e9af21a3c3039624d9
너헤,8a7ef90bbc4764119fb5f0edc29435f7
톰왔,2f9750e591f21c059f85b307d42a885e
아델갤럭시,73d640a1f7f5d3d26d40e7c988d82e97efe8d04e6d233bd35cf2fabdeb93fb0d
총제,de350166d1672c1a0e68e724b8a97054
산잇,301f9158fd531cf10a3024c739875d39
구구단,1359bb42fa9ed0b342b2717af5772889
천비,1a260f02672c753acda108a23d44e724
양나윤,2fa1afd3d4b979462471d3250f030914
도전자,13e0f87cbeb19e699d32255f464a5966
듀퐁,abf20ad00aec91fc1b09cd8645793ef4
리움,d58eab30f9b46ab3914dcf02ed8880f0
려리네,aecb256b7357916bfc5a73e829f5337e
젬춘,b35d03ebc2fef46ab9c2bf6e326c51ef
저맘,2be5893c603157aa103a18051ec6c13befe8d04e6d233bd35cf2fabdeb93fb0d
START,1703efccab0cdda989aaa13d6e6d5dd1
고광제,449d7f9e251018715beb1e44f3f76076efe8d04e6d233bd35cf2fabdeb93fb0d
든쑤,a515a15750a0f33e2ad69d19c4386691efe8d04e6d233bd35cf2fabdeb93fb0d
솔대,e25b043a522f7a2196a87bc5a78fa399
매표소,2598b5234b073f773d8a825b341a4b8cefe8d04e6d233bd35cf2fabdeb93fb0d
찝요,672d8146f29a63e09af227d560ae8b4eefe8d04e6d233bd35cf2fabdeb93fb0d
러스트제논,82348a1d718d5a4177713233bfe1344d
리테,f61c6544880c2b80464921585119dad4efe8d04e6d233bd35cf2fabdeb93fb0d
탐뀨,d92d1a2f02a6029cec499e97fc825a27
오동쟝,d4f2da8e62e7b107e4213c13ff0fb14f
HabG,9a56ed06e6750c770a3180f6c33c975fefe8d04e6d233bd35cf2fabdeb93fb0d
래찬,a7523e199f4c9fd47dffcef1367d8070
채각,59b0170f312d857659e4b108d4d4ca88
Crazy,126fee11a77714ad283e00faeb97f4c9
듀블963,59f21f8cb1e15d81bd86346f3d67fd37
구와즈,267882520c0ccc48016f58fa613daafa
규서기,d587101a1827140575c335a9098a4b87
핑소현,b81977b4268bd6b5948fe01667ad04c0efe8d04e6d233bd35cf2fabdeb93fb0d
쎄율,1195f120b8d2d10b375d0147debdac87
멸햄,e5a0d648c464f6bbe907595eab200a8fefe8d04e6d233bd35cf2fabdeb93fb0d
만글,53a86c620feacb42d02d701fd7f50960efe8d04e6d233bd35cf2fabdeb93fb0d
꽃귀신a,3a7450b27b01122841ef45a08cda8913
쏨급,a5e636c1113e07fb9d6f8f29082b089c
백조의길,21feb48cc654b76a6bdf7ff7f5172adcefe8d04e6d233bd35cf2fabdeb93fb0d
뭘또,550fa04de6ac3c74bed7d42e2fde81feefe8d04e6d233bd35cf2fabdeb93fb0d
알팟카,34e18329da01634fa7568ec33adb1425efe8d04e6d233bd35cf2fabdeb93fb0d
탱탱귤이,ed41ebf99ff3c5cc0cdafaac41b2888eefe8d04e6d233bd35cf2fabdeb93fb0d
남고딩,6ad80a299bf07dd663f3bc14dff93b67efe8d04e6d233bd35cf2fabdeb93fb0d
하와와와왕,55e5f5bf9bda53660ad6b3a5253326f3efe8d04e6d233bd35cf2fabdeb93fb0d
언둠,c88586b7a99b3967398fa418d98251bcefe8d04e6d233bd35cf2fabdeb93fb0d
뉴멜,6da93f4c50cf788361755c01c4763b53efe8d04e6d233bd35cf2fabdeb93fb0d
6월의연필,fd7fe2f6c7b5cce6e42dd87fefa49f93efe8d04e6d233bd35cf2fabdeb93fb0d
얼음화초,ac115be04eac48e6f59112a8c7953353efe8d04e6d233bd35cf2fabdeb93fb0d
포크좌,b3ba7242ccffe184c2318c9d96a6e01defe8d04e6d233bd35cf2fabdeb93fb0d
예콤,9087ef4943342c9eb6602efe87f27747efe8d04e6d233bd35cf2fabdeb93fb0d
이겨와이,72bb4b0d5f9f4d248b292bccfe5a0285
치스동,9c6629e8d8f7521c96f8a248759ed76aefe8d04e6d233bd35cf2fabdeb93fb0d
더블콤보,766777ef263c2b12f4fe9b9d18cc7236
콱콱,36ae65064f2b71cacb9ed8e025d5b1c7efe8d04e6d233bd35cf2fabdeb93fb0d
맛쪼니,07ef6fbb10a2d4968e03ab9abf86ff4b
혈궁은월,bda3d769dc1b262f297cef330fca9762
틱배,d357a21bfaeaf6336baa94764c7099e0
차경은,0315e323a0bd42c11f9e1541efb86f03
도빡,1185f488f2bafd9a0b88dc88b6daebc9
난끝,17382b1d392605a40e1ab84c7382bd4f
캐리닷,c28d9bed050840eb05639e0fb0900b0d
페르세포네,85d2415a84c930a30ea5f86f9a0ab130
메르남영,19fe32698f2116bc857d4906ae47a9fdefe8d04e6d233bd35cf2fabdeb93fb0d
래므,e0b97083067b1e93c87e5ebbc0057bcfefe8d04e6d233bd35cf2fabdeb93fb0d
요꼬콥터,f2f7a5142612eda3a7c806df44a9ea13
시눙식,e3bc79347dae85944b2f98364880617e
두영,d103a19a3bf02d2fc3b4a67b13c19b85efe8d04e6d233bd35cf2fabdeb93fb0d
님팜,d243fbda06f4de4585d8bc87e75c7ea1efe8d04e6d233bd35cf2fabdeb93fb0d
쇼지수,883450d191fc818f39f996de8ea6b42c
물찬가로활대,b84e1a06185f173965c787e1129d598c
한서령,4b4d637f366fb1082f87c3afd7168bc7efe8d04e6d233bd35cf2fabdeb93fb0d
앵두맛앙마,050bc34964ffd1885ce0c079a9235f64
내뽕,ed8c966def899f28fc1f59d5b4355f1e
탬탬인,d01fa67163ea0df12797932b6da34370efe8d04e6d233bd35cf2fabdeb93fb0d
듀빵식,caa5bf91f03f5011825cb2b2f8b105e6efe8d04e6d233bd35cf2fabdeb93fb0d
유룽히,0ae394a69ccc077fbd4aa488a6c46e63
티체르키,64d303069c02396dacc669f95c8ebf03
맑은푸름,f1a382ec06ecdc643a0c8e9f44aa5b47
린도준,55cff344404d06f01b0231f36b65a3c1
구시눈,9b5de9b53e19f55eb1a943517476af59efe8d04e6d233bd35cf2fabdeb93fb0d
골츄,7514debcf6fe8b7145e115adae6d48dc
벳벳,148f31e49dcbccd17628cddde2a29a32efe8d04e6d233bd35cf2fabdeb93fb0d
갚창,c87c15e8c5005499096820e7c2f898c3efe8d04e6d233bd35cf2fabdeb93fb0d
국내산콩,4e0de2cfaede1244473df8eb62a1fdbe
켄타,890e3f8f032cc53561d71661a4823e4d
겟뜨,ddbd4e9fe64fafe2a5467bc69bbd61e4
샨누,b9a47be2a866e540b099db588ac2300f
봉짱별,744c77c2e5ebefe222a9b274b22740c1efe8d04e6d233bd35cf2fabdeb93fb0d
탈것찾음,2808d352980d747319e318180f06fc5c
심야에암살,8b2dfe47fe31432228fac1fdba470df8
담원,1b01a114929042eb0c1c0b8bccc54b13efe8d04e6d233bd35cf2fabdeb93fb0d
대범,0a6088c3d909d883a61c14454dd08fec
현리l,fabcc4c7c143b90d1e9560c4f0a2c41cefe8d04e6d233bd35cf2fabdeb93fb0d
배심,7db0861ec0e539e165e8ed86993e7a90
뜨응뜨응,998fb8687b851a8f8f327f000bb9f7eb
온리유얼,2edfaf259db0cc0801501d055fdd9381efe8d04e6d233bd35cf2fabdeb93fb0d
공중파뉴스,6e779b2eca3d0bc3d6b848bbfdd7132c
퍼니모법,8fd535d3bbb3d42960924ff2314bfd6a
노가다돌전사,1114d1bee0dda1463b0b6188c1ab4fd2
눈꽃밍,49ed02e6dc797a4a580be6a02cad2f3fefe8d04e6d233bd35cf2fabdeb93fb0d
룻팬,18a62c22cdfc9af430cda07468a56caf
형주니,1e6acf17db7754f01a33e3f7d1f34d53
여킬,2cbef5fd9cbb36d7596cdea744b8e497
비앗또,ab1eab069d6bcf85d504011964a0465defe8d04e6d233bd35cf2fabdeb93fb0d
JoshLowe,ea0b76fbd18bed2b06fa2d2ffccfb3d5efe8d04e6d233bd35cf2fabdeb93fb0d
핑슈링,e8b6fb9bff0d82f02f50c80ac0f25f1f
카우코기,b28e70e09143cb90f92417e8e368cce4efe8d04e6d233bd35cf2fabdeb93fb0d
